[{"Created":"3\/1\/2010 12:10:55 PM","CreatorUserID":1,"Description":"A collection of decals to decorate your skate park","ID":60856,"ImageAssetID":23154282,"IsSubscribable":true,"Name":"XD Decal Set","SubscriberCount":3517,"Updated":"3\/1\/2010 12:10:55 PM","CreatorName":"ROBLOX"},{"Created":"3\/1\/2010 12:10:06 PM","CreatorUserID":1,"Description":"A collection of skate park objects","ID":60855,"ImageAssetID":23154260,"IsSubscribable":true,"Name":"XD Skate Park Set","SubscriberCount":6952,"Updated":"3\/1\/2010 12:10:06 PM","CreatorName":"ROBLOX"},{"Created":"1\/21\/2010 4:01:27 PM","CreatorUserID":1,"Description":"A set of simple gameplay objects created by Roblox","ID":4,"ImageAssetID":21008449,"IsSubscribable":true,"Name":"Gameplay","SubscriberCount":8072,"Updated":"1\/21\/2010 4:01:27 PM","CreatorName":"ROBLOX"},{"Created":"1\/21\/2010 4:00:44 PM","CreatorUserID":1,"Description":"A set of simple models created by Roblox","ID":3,"ImageAssetID":21008416,"IsSubscribable":true,"Name":"Models","SubscriberCount":10883,"Updated":"1\/21\/2010 4:00:44 PM","CreatorName":"ROBLOX"},{"Created":"1\/21\/2010 3:56:40 PM","CreatorUserID":1,"Description":"A set of basic building parts built by Roblox","ID":2,"ImageAssetID":21008218,"IsSubscribable":true,"Name":"Parts","SubscriberCount":6271,"Updated":"1\/21\/2010 3:56:40 PM","CreatorName":"ROBLOX"}]