[{
        "Created": "11\/18\/2011 5:33:52 PM",
        "CreatorUserID": 1286646,
        "Description": "",
        "ID": 464140,
        "ImageAssetID": 65959966,
        "IsSubscribable": true,
        "Name": "Game Stuff",
        "SubscriberCount": 1,
        "Updated": "11\/18\/2011 5:33:52 PM"
    },
    {
        "Created": "11\/18\/2011 5:33:35 PM",
        "CreatorUserID": 1286646,
        "Description": "",
        "ID": 464138,
        "ImageAssetID": 65959934,
        "IsSubscribable": true,
        "Name": "Baseplates",
        "SubscriberCount": 1,
        "Updated": "11\/18\/2011 5:33:35 PM"
    },
    {
        "Created": "11\/18\/2011 5:29:40 PM",
        "CreatorUserID": 1286646,
        "Description": "",
        "ID": 464131,
        "ImageAssetID": 65959573,
        "IsSubscribable": true,
        "Name": "Weapons",
        "SubscriberCount": 0,
        "Updated": "11\/18\/2011 5:29:40 PM"
    },
    {
        "Created": "11\/17\/2011 3:33:35 PM",
        "CreatorUserID": 1286646,
        "Description": "",
        "ID": 463266,
        "ImageAssetID": 65898158,
        "IsSubscribable": true,
        "Name": "Vehicles",
        "SubscriberCount": 0,
        "Updated": "11\/17\/2011 3:33:35 PM"
    },
    {
        "Created": "11\/11\/2011 4:08:25 PM",
        "CreatorUserID": 1286646,
        "Description": "",
        "ID": 458339,
        "ImageAssetID": 65524937,
        "IsSubscribable": true,
        "Name": "Bricks",
        "SubscriberCount": 1,
        "Updated": "11\/11\/2011 4:08:25 PM"
    },
    {
        "Created": "7\/14\/2011 4:13:31 PM",
        "CreatorUserID": 11744447,
        "Description": "",
        "ID": 360380,
        "ImageAssetID": 56455869,
        "IsSubscribable": true,
        "Name": "Basic Building",
        "SubscriberCount": 18,
        "Updated": "7\/14\/2011 4:13:31 PM"
    },
    {
        "Created": "7\/14\/2011 4:11:08 PM",
        "CreatorUserID": 11744447,
        "Description": "",
        "ID": 360378,
        "ImageAssetID": 56455649,
        "IsSubscribable": true,
        "Name": "Advanced Building",
        "SubscriberCount": 19,
        "Updated": "7\/14\/2011 4:11:08 PM"
    },
    {
        "Created": "7\/14\/2011 4:08:45 PM",
        "CreatorUserID": 11744447,
        "Description": "",
        "ID": 360375,
        "ImageAssetID": 56455420,
        "IsSubscribable": true,
        "Name": "House Kit",
        "SubscriberCount": 15,
        "Updated": "7\/14\/2011 4:08:45 PM"
    },
    {
        "Created": "7\/14\/2011 4:06:01 PM",
        "CreatorUserID": 11744447,
        "Description": ": )",
        "ID": 360372,
        "ImageAssetID": 56455139,
        "IsSubscribable": true,
        "Name": "House Interior Kit",
        "SubscriberCount": 23,
        "Updated": "8\/25\/2011 2:46:02 PM"
    },
    {
        "Created": "7\/14\/2011 4:04:40 PM",
        "CreatorUserID": 11744447,
        "Description": "",
        "ID": 360371,
        "ImageAssetID": 56455006,
        "IsSubscribable": true,
        "Name": "Landscape",
        "SubscriberCount": 13,
        "Updated": "7\/14\/2011 4:04:40 PM"
    },
    {
        "Created": "7\/14\/2011 4:02:30 PM",
        "CreatorUserID": 11744447,
        "Description": "",
        "ID": 360369,
        "ImageAssetID": 56454815,
        "IsSubscribable": true,
        "Name": "Castle Kit",
        "SubscriberCount": 16,
        "Updated": "7\/14\/2011 4:02:30 PM"
    },
    {
        "Created": "7\/14\/2011 3:58:18 PM",
        "CreatorUserID": 11744447,
        "Description": "",
        "ID": 360365,
        "ImageAssetID": 56454396,
        "IsSubscribable": true,
        "Name": "Castle Interior Kit",
        "SubscriberCount": 15,
        "Updated": "7\/14\/2011 3:58:18 PM"
    },
    {
        "Created": "7\/14\/2011 3:55:38 PM",
        "CreatorUserID": 11744447,
        "Description": "",
        "ID": 360363,
        "ImageAssetID": 56454184,
        "IsSubscribable": true,
        "Name": "Space Kit",
        "SubscriberCount": 16,
        "Updated": "7\/14\/2011 3:55:38 PM"
    },
    {
        "Created": "7\/14\/2011 3:53:19 PM",
        "CreatorUserID": 11744447,
        "Description": "",
        "ID": 360362,
        "ImageAssetID": 56453969,
        "IsSubscribable": true,
        "Name": "Fun Machines",
        "SubscriberCount": 14,
        "Updated": "7\/14\/2011 3:53:19 PM"
    },
    {
        "Created": "7\/14\/2011 3:51:41 PM",
        "CreatorUserID": 11744447,
        "Description": "",
        "ID": 360360,
        "ImageAssetID": 56453811,
        "IsSubscribable": true,
        "Name": "Deadly Machines",
        "SubscriberCount": 11,
        "Updated": "7\/14\/2011 3:51:41 PM"
    }
]