[
    {
        "ID": 3725065,
        "AssetSetID": 360363,
        "AssetID": 56446151,
        "AssetVersionID": 138011735,
        "Name": "Space Bed",
        "CreatorName": "Roblox",
        "NewerVersionAvailable": "True",
        "IsEndorsed": false
    },
    {
        "ID": 3725066,
        "AssetSetID": 360363,
        "AssetID": 56446186,
        "AssetVersionID": 138011812,
        "Name": "Control Panel - Wall",
        "CreatorName": "Roblox",
        "NewerVersionAvailable": "True",
        "IsEndorsed": false
    },
    {
        "ID": 3725067,
        "AssetSetID": 360363,
        "AssetID": 56446217,
        "AssetVersionID": 138011880,
        "Name": "Control Panel - Floor",
        "CreatorName": "Roblox",
        "NewerVersionAvailable": "True",
        "IsEndorsed": false
    },
    {
        "ID": 3725068,
        "AssetSetID": 360363,
        "AssetID": 56446234,
        "AssetVersionID": 138011924,
        "Name": "Chair - Short",
        "CreatorName": "Roblox",
        "NewerVersionAvailable": "True",
        "IsEndorsed": false
    },
    {
        "ID": 3725069,
        "AssetSetID": 360363,
        "AssetID": 56446276,
        "AssetVersionID": 138012000,
        "Name": "Chair - Tall",
        "CreatorName": "Roblox",
        "NewerVersionAvailable": "True",
        "IsEndorsed": false
    },
    {
        "ID": 3725070,
        "AssetSetID": 360363,
        "AssetID": 56446320,
        "AssetVersionID": 138012083,
        "Name": "Captain's Chair",
        "CreatorName": "Roblox",
        "NewerVersionAvailable": "True",
        "IsEndorsed": false
    },
    {
        "ID": 3725071,
        "AssetSetID": 360363,
        "AssetID": 56446358,
        "AssetVersionID": 138012168,
        "Name": "Railing",
        "CreatorName": "Roblox",
        "NewerVersionAvailable": "True",
        "IsEndorsed": false
    },
    {
        "ID": 3725072,
        "AssetSetID": 360363,
        "AssetID": 56446391,
        "AssetVersionID": 138012233,
        "Name": "Exterior Column",
        "CreatorName": "Roblox",
        "NewerVersionAvailable": "True",
        "IsEndorsed": false
    },
    {
        "ID": 3725073,
        "AssetSetID": 360363,
        "AssetID": 56446415,
        "AssetVersionID": 138012291,
        "Name": "Catwalk",
        "CreatorName": "Roblox",
        "NewerVersionAvailable": "True",
        "IsEndorsed": false
    },
    {
        "ID": 3725074,
        "AssetSetID": 360363,
        "AssetID": 56446452,
        "AssetVersionID": 138012375,
        "Name": "Space Window - Corner",
        "CreatorName": "Roblox",
        "NewerVersionAvailable": "True",
        "IsEndorsed": false
    },
    {
        "ID": 3725075,
        "AssetSetID": 360363,
        "AssetID": 56446481,
        "AssetVersionID": 138012434,
        "Name": "Space Window",
        "CreatorName": "Roblox",
        "NewerVersionAvailable": "True",
        "IsEndorsed": false
    },
    {
        "ID": 3725076,
        "AssetSetID": 360363,
        "AssetID": 56446512,
        "AssetVersionID": 138012505,
        "Name": "Interior Hall Panel",
        "CreatorName": "Roblox",
        "NewerVersionAvailable": "True",
        "IsEndorsed": false
    },
    {
        "ID": 3725077,
        "AssetSetID": 360363,
        "AssetID": 56446557,
        "AssetVersionID": 138012580,
        "Name": "Space Hallway Floor",
        "CreatorName": "Roblox",
        "NewerVersionAvailable": "True",
        "IsEndorsed": false
    },
    {
        "ID": 3725078,
        "AssetSetID": 360363,
        "AssetID": 56446583,
        "AssetVersionID": 147509468,
        "Name": "Space Hatch",
        "CreatorName": "Roblox",
        "NewerVersionAvailable": "True",
        "IsEndorsed": false
    },
    {
        "ID": 3725079,
        "AssetSetID": 360363,
        "AssetID": 56446608,
        "AssetVersionID": 138012706,
        "Name": "Space Steps - Corner",
        "CreatorName": "Roblox",
        "NewerVersionAvailable": "True",
        "IsEndorsed": false
    },
    {
        "ID": 3725080,
        "AssetSetID": 360363,
        "AssetID": 56446629,
        "AssetVersionID": 138012758,
        "Name": "Space Steps",
        "CreatorName": "Roblox",
        "NewerVersionAvailable": "True",
        "IsEndorsed": false
    },
    {
        "ID": 3725081,
        "AssetSetID": 360363,
        "AssetID": 56446648,
        "AssetVersionID": 138012804,
        "Name": "Space Wall - Corner",
        "CreatorName": "Roblox",
        "NewerVersionAvailable": "True",
        "IsEndorsed": false
    },
    {
        "ID": 3725082,
        "AssetSetID": 360363,
        "AssetID": 56446665,
        "AssetVersionID": 138012845,
        "Name": "Space Wall",
        "CreatorName": "Roblox",
        "NewerVersionAvailable": "True",
        "IsEndorsed": false
    }
]