[
    {
        "AssetSetID": 360362,
        "AssetTypeID": 10,
        "AssetVersionID": 138011329,
        "ID": 6048790,
        "Name": "Float Pad - Sideways",
        "SortOrder": 2147483647,
        "NewerVersionAvailable": "False",
        "AssetID": "56445964",
        "IsEndorsed": true
    },
    {
        "AssetSetID": 360362,
        "AssetTypeID": 10,
        "AssetVersionID": 138011397,
        "ID": 6048791,
        "Name": "Float Pad",
        "SortOrder": 2147483647,
        "NewerVersionAvailable": "False",
        "AssetID": "56445997",
        "IsEndorsed": false
    },
    {
        "AssetSetID": 360362,
        "AssetTypeID": 10,
        "AssetVersionID": 138064397,
        "ID": 6048800,
        "Name": "Elevator - 8 x 8 x 32",
        "SortOrder": 2147483647,
        "NewerVersionAvailable": "True",
        "AssetID": "41324885",
        "IsEndorsed": false
    },
    {
        "AssetSetID": 360362,
        "AssetTypeID": 10,
        "AssetVersionID": 138064342,
        "ID": 6048801,
        "Name": "Elevator - 8 x 8 x 16",
        "SortOrder": 2147483647,
        "NewerVersionAvailable": "True",
        "AssetID": "41324881",
        "IsEndorsed": false
    },
    {
        "AssetSetID": 360362,
        "AssetTypeID": 10,
        "AssetVersionID": 138011692,
        "ID": 6048803,
        "Name": "Friend Only Door 2.0",
        "SortOrder": 2147483647,
        "NewerVersionAvailable": "False",
        "AssetID": "41694124",
        "IsEndorsed": false
    }
]