[
    {
        "AssetSetID": 360380,
        "AssetTypeID": 10,
        "AssetVersionID": 138021372,
        "ID": 6049029,
        "Name": "Block - Brick",
        "SortOrder": 2147483647,
        "NewerVersionAvailable": "False",
        "AssetID": "56450668"
    },
    {
        "AssetSetID": 360380,
        "AssetTypeID": 10,
        "AssetVersionID": 138021709,
        "ID": 6049040,
        "Name": "Block - Sand",
        "SortOrder": 2147483647,
        "NewerVersionAvailable": "False",
        "AssetID": "41324966"
    },
    {
        "AssetSetID": 360380,
        "AssetTypeID": 10,
        "AssetVersionID": 138021799,
        "ID": 6049043,
        "Name": "Block - Slate",
        "SortOrder": 2147483647,
        "NewerVersionAvailable": "False",
        "AssetID": "41324945"
    },
    {
        "AssetSetID": 360380,
        "AssetTypeID": 10,
        "AssetVersionID": 138021914,
        "ID": 6049044,
        "Name": "Block - Granite",
        "SortOrder": 2147483647,
        "NewerVersionAvailable": "False",
        "AssetID": "41324946"
    },
    {
        "AssetSetID": 360380,
        "AssetTypeID": 10,
        "AssetVersionID": 138021993,
        "ID": 6049046,
        "Name": "Block - Maple",
        "SortOrder": 2147483647,
        "NewerVersionAvailable": "False",
        "AssetID": "41324957"
    },
    {
        "AssetSetID": 360380,
        "AssetTypeID": 10,
        "AssetVersionID": 138022028,
        "ID": 6049047,
        "Name": "Block - Mahogany",
        "SortOrder": 2147483647,
        "NewerVersionAvailable": "False",
        "AssetID": "41324954"
    },
    {
        "AssetSetID": 360380,
        "AssetTypeID": 10,
        "AssetVersionID": 138023443,
        "ID": 6049052,
        "Name": "Ice - Corner",
        "SortOrder": 2147483647,
        "NewerVersionAvailable": "False",
        "AssetID": "56451599"
    },
    {
        "AssetSetID": 360380,
        "AssetTypeID": 10,
        "AssetVersionID": 138023520,
        "ID": 6049054,
        "Name": "Ice - Long Wedge",
        "SortOrder": 2147483647,
        "NewerVersionAvailable": "False",
        "AssetID": "56451638"
    },
    {
        "AssetSetID": 360380,
        "AssetTypeID": 10,
        "AssetVersionID": 138023576,
        "ID": 6049055,
        "Name": "Ice - Wedge",
        "SortOrder": 2147483647,
        "NewerVersionAvailable": "False",
        "AssetID": "56451658"
    },
    {
        "AssetSetID": 360380,
        "AssetTypeID": 10,
        "AssetVersionID": 138023698,
        "ID": 6049057,
        "Name": "Ice - Block",
        "SortOrder": 2147483647,
        "NewerVersionAvailable": "False",
        "AssetID": "56451715"
    },
    {
        "AssetSetID": 360380,
        "AssetTypeID": 10,
        "AssetVersionID": 138023763,
        "ID": 6049058,
        "Name": "Mud - Corner",
        "SortOrder": 2147483647,
        "NewerVersionAvailable": "False",
        "AssetID": "56451745"
    },
    {
        "AssetSetID": 360380,
        "AssetTypeID": 10,
        "AssetVersionID": 138023833,
        "ID": 6049059,
        "Name": "Mud - Long Wedge",
        "SortOrder": 2147483647,
        "NewerVersionAvailable": "False",
        "AssetID": "56451777"
    },
    {
        "AssetSetID": 360380,
        "AssetTypeID": 10,
        "AssetVersionID": 138023897,
        "ID": 6049063,
        "Name": "Mud - Wedge",
        "SortOrder": 2147483647,
        "NewerVersionAvailable": "False",
        "AssetID": "56451808"
    },
    {
        "AssetSetID": 360380,
        "AssetTypeID": 10,
        "AssetVersionID": 138023958,
        "ID": 6049064,
        "Name": "Mud - Block",
        "SortOrder": 2147483647,
        "NewerVersionAvailable": "False",
        "AssetID": "56451835"
    },
    {
        "AssetSetID": 360380,
        "AssetTypeID": 10,
        "AssetVersionID": 138024059,
        "ID": 6049066,
        "Name": "Stone - Corner",
        "SortOrder": 2147483647,
        "NewerVersionAvailable": "False",
        "AssetID": "56451873"
    },
    {
        "AssetSetID": 360380,
        "AssetTypeID": 10,
        "AssetVersionID": 138024120,
        "ID": 6049068,
        "Name": "Stone - Long Wedge",
        "SortOrder": 2147483647,
        "NewerVersionAvailable": "False",
        "AssetID": "56451909"
    },
    {
        "AssetSetID": 360380,
        "AssetTypeID": 10,
        "AssetVersionID": 138024173,
        "ID": 6049071,
        "Name": "Stone - Wedge",
        "SortOrder": 2147483647,
        "NewerVersionAvailable": "False",
        "AssetID": "56451936"
    },
    {
        "AssetSetID": 360380,
        "AssetTypeID": 10,
        "AssetVersionID": 138024211,
        "ID": 6049074,
        "Name": "Stone - Block",
        "SortOrder": 2147483647,
        "NewerVersionAvailable": "False",
        "AssetID": "56451953"
    },
    {
        "AssetSetID": 360380,
        "AssetTypeID": 10,
        "AssetVersionID": 138024274,
        "ID": 6049075,
        "Name": "Grass - Corner",
        "SortOrder": 2147483647,
        "NewerVersionAvailable": "False",
        "AssetID": "56451992"
    },
    {
        "AssetSetID": 360380,
        "AssetTypeID": 10,
        "AssetVersionID": 138024331,
        "ID": 6049077,
        "Name": "Grass - Long Wedge",
        "SortOrder": 2147483647,
        "NewerVersionAvailable": "False",
        "AssetID": "56452031"
    },
    {
        "AssetSetID": 360380,
        "AssetTypeID": 10,
        "AssetVersionID": 138024407,
        "ID": 6049079,
        "Name": "Grass - Wedge",
        "SortOrder": 2147483647,
        "NewerVersionAvailable": "False",
        "AssetID": "56452072"
    },
    {
        "AssetSetID": 360380,
        "AssetTypeID": 10,
        "AssetVersionID": 138024462,
        "ID": 6049080,
        "Name": "Grass - Block",
        "SortOrder": 2147483647,
        "NewerVersionAvailable": "False",
        "AssetID": "56452103"
    },
    {
        "AssetSetID": 360380,
        "AssetTypeID": 10,
        "AssetVersionID": 138024511,
        "ID": 6049082,
        "Name": "Wood - Corner",
        "SortOrder": 2147483647,
        "NewerVersionAvailable": "False",
        "AssetID": "56452119"
    },
    {
        "AssetSetID": 360380,
        "AssetTypeID": 10,
        "AssetVersionID": 138024574,
        "ID": 6049084,
        "Name": "Wood - Long Wedge",
        "SortOrder": 2147483647,
        "NewerVersionAvailable": "False",
        "AssetID": "56452145"
    },
    {
        "AssetSetID": 360380,
        "AssetTypeID": 10,
        "AssetVersionID": 138024674,
        "ID": 6049085,
        "Name": "Wood - Wedge",
        "SortOrder": 2147483647,
        "NewerVersionAvailable": "False",
        "AssetID": "56452182"
    },
    {
        "AssetSetID": 360380,
        "AssetTypeID": 10,
        "AssetVersionID": 138024705,
        "ID": 6049086,
        "Name": "Wood - Block",
        "SortOrder": 2147483647,
        "NewerVersionAvailable": "False",
        "AssetID": "56452191"
    },
    {
        "AssetSetID": 360380,
        "AssetTypeID": 10,
        "AssetVersionID": 144837753,
        "ID": 6049087,
        "Name": "Corner Block - Pink",
        "SortOrder": 2147483647,
        "NewerVersionAvailable": "False",
        "AssetID": "56452267",
        "IsEndorsed": false
    },
    {
        "AssetSetID": 360380,
        "AssetTypeID": 10,
        "AssetVersionID": 144837709,
        "ID": 6049091,
        "Name": "Block - Pink",
        "SortOrder": 2147483647,
        "NewerVersionAvailable": "False",
        "AssetID": "56452293",
        "IsEndorsed": false
    },
    {
        "AssetSetID": 360380,
        "AssetTypeID": 10,
        "AssetVersionID": 144837659,
        "ID": 6049093,
        "Name": "Corner Block - Magenta",
        "SortOrder": 2147483647,
        "NewerVersionAvailable": "False",
        "AssetID": "56452312",
        "IsEndorsed": false
    },
    {
        "AssetSetID": 360380,
        "AssetTypeID": 10,
        "AssetVersionID": 144837614,
        "ID": 6049094,
        "Name": "Block - Magenta",
        "SortOrder": 2147483647,
        "NewerVersionAvailable": "False",
        "AssetID": "56452342",
        "IsEndorsed": false
    },
    {
        "AssetSetID": 360380,
        "AssetTypeID": 10,
        "AssetVersionID": 144837468,
        "ID": 6049095,
        "Name": "Corner Block - Purple",
        "SortOrder": 2147483647,
        "NewerVersionAvailable": "False",
        "AssetID": "56452381",
        "IsEndorsed": false
    },
    {
        "AssetSetID": 360380,
        "AssetTypeID": 10,
        "AssetVersionID": 144837425,
        "ID": 6049096,
        "Name": "Block - Purple",
        "SortOrder": 2147483647,
        "NewerVersionAvailable": "False",
        "AssetID": "56452411",
        "IsEndorsed": false
    },
    {
        "AssetSetID": 360380,
        "AssetTypeID": 10,
        "AssetVersionID": 144837571,
        "ID": 6049099,
        "Name": "Corner Block - Cyan",
        "SortOrder": 2147483647,
        "NewerVersionAvailable": "False",
        "AssetID": "56452438",
        "IsEndorsed": false
    },
    {
        "AssetSetID": 360380,
        "AssetTypeID": 10,
        "AssetVersionID": 144837526,
        "ID": 6049102,
        "Name": "Block - Cyan",
        "SortOrder": 2147483647,
        "NewerVersionAvailable": "False",
        "AssetID": "56452470",
        "IsEndorsed": false
    },
    {
        "AssetSetID": 360380,
        "AssetTypeID": 10,
        "AssetVersionID": 144837862,
        "ID": 6049103,
        "Name": "Corner Block - Blue",
        "SortOrder": 2147483647,
        "NewerVersionAvailable": "False",
        "AssetID": "56452507",
        "IsEndorsed": false
    },
    {
        "AssetSetID": 360380,
        "AssetTypeID": 10,
        "AssetVersionID": 144837808,
        "ID": 6049105,
        "Name": "Block - Blue",
        "SortOrder": 2147483647,
        "NewerVersionAvailable": "False",
        "AssetID": "56452539",
        "IsEndorsed": false
    },
    {
        "AssetSetID": 360380,
        "AssetTypeID": 10,
        "AssetVersionID": 144837975,
        "ID": 6049107,
        "Name": "Corner Block - Dark Green",
        "SortOrder": 2147483647,
        "NewerVersionAvailable": "False",
        "AssetID": "56452573",
        "IsEndorsed": false
    },
    {
        "AssetSetID": 360380,
        "AssetTypeID": 10,
        "AssetVersionID": 144837924,
        "ID": 6049112,
        "Name": "Block - Dark Green",
        "SortOrder": 2147483647,
        "NewerVersionAvailable": "False",
        "AssetID": "56452610",
        "IsEndorsed": false
    },
    {
        "AssetSetID": 360380,
        "AssetTypeID": 10,
        "AssetVersionID": 144838051,
        "ID": 6049113,
        "Name": "Corner Block - Green",
        "SortOrder": 2147483647,
        "NewerVersionAvailable": "False",
        "AssetID": "56452628",
        "IsEndorsed": false
    },
    {
        "AssetSetID": 360380,
        "AssetTypeID": 10,
        "AssetVersionID": 144838008,
        "ID": 6049118,
        "Name": "Block - Green",
        "SortOrder": 2147483647,
        "NewerVersionAvailable": "False",
        "AssetID": "56452651",
        "IsEndorsed": false
    },
    {
        "AssetSetID": 360380,
        "AssetTypeID": 10,
        "AssetVersionID": 144838136,
        "ID": 6049122,
        "Name": "Corner Block - Yellow",
        "SortOrder": 2147483647,
        "NewerVersionAvailable": "False",
        "AssetID": "56452687",
        "IsEndorsed": false
    },
    {
        "AssetSetID": 360380,
        "AssetTypeID": 10,
        "AssetVersionID": 144838096,
        "ID": 6049125,
        "Name": "Block - Yellow",
        "SortOrder": 2147483647,
        "NewerVersionAvailable": "False",
        "AssetID": "56452718",
        "IsEndorsed": false
    },
    {
        "AssetSetID": 360380,
        "AssetTypeID": 10,
        "AssetVersionID": 144838246,
        "ID": 6049129,
        "Name": "Corner Block - Orange",
        "SortOrder": 2147483647,
        "NewerVersionAvailable": "False",
        "AssetID": "56452752",
        "IsEndorsed": false
    },
    {
        "AssetSetID": 360380,
        "AssetTypeID": 10,
        "AssetVersionID": 144838210,
        "ID": 6049130,
        "Name": "Block - Orange",
        "SortOrder": 2147483647,
        "NewerVersionAvailable": "False",
        "AssetID": "56452768",
        "IsEndorsed": false
    },
    {
        "AssetSetID": 360380,
        "AssetTypeID": 10,
        "AssetVersionID": 144838317,
        "ID": 6049132,
        "Name": "Corner Block - Red",
        "SortOrder": 2147483647,
        "NewerVersionAvailable": "False",
        "AssetID": "56452798",
        "IsEndorsed": false
    },
    {
        "AssetSetID": 360380,
        "AssetTypeID": 10,
        "AssetVersionID": 144838286,
        "ID": 6049133,
        "Name": "Block - Red",
        "SortOrder": 2147483647,
        "NewerVersionAvailable": "False",
        "AssetID": "56452821",
        "IsEndorsed": false
    },
    {
        "AssetSetID": 360380,
        "AssetTypeID": 10,
        "AssetVersionID": 144838406,
        "ID": 6049134,
        "Name": "Corner Block - White",
        "SortOrder": 2147483647,
        "NewerVersionAvailable": "False",
        "AssetID": "56452849",
        "IsEndorsed": false
    },
    {
        "AssetSetID": 360380,
        "AssetTypeID": 10,
        "AssetVersionID": 144838363,
        "ID": 6049137,
        "Name": "Block - White",
        "SortOrder": 2147483647,
        "NewerVersionAvailable": "False",
        "AssetID": "56452868",
        "IsEndorsed": false
    },
    {
        "AssetSetID": 360380,
        "AssetTypeID": 10,
        "AssetVersionID": 144838478,
        "ID": 6049138,
        "Name": "Corner Block - Gray",
        "SortOrder": 2147483647,
        "NewerVersionAvailable": "False",
        "AssetID": "56452995",
        "IsEndorsed": false
    },
    {
        "AssetSetID": 360380,
        "AssetTypeID": 10,
        "AssetVersionID": 144838439,
        "ID": 6049139,
        "Name": "Block - Gray",
        "SortOrder": 2147483647,
        "NewerVersionAvailable": "False",
        "AssetID": "56453012",
        "IsEndorsed": false
    },
    {
        "AssetSetID": 360380,
        "AssetTypeID": 10,
        "AssetVersionID": 144837348,
        "ID": 6049140,
        "Name": "Corner Block - Black",
        "SortOrder": 2147483647,
        "NewerVersionAvailable": "False",
        "AssetID": "56453030",
        "IsEndorsed": false
    },
    {
        "AssetSetID": 360380,
        "AssetTypeID": 10,
        "AssetVersionID": 144837285,
        "ID": 6049142,
        "Name": "Block - Black",
        "SortOrder": 2147483647,
        "NewerVersionAvailable": "False",
        "AssetID": "56453053",
        "IsEndorsed": false
    }
]