[
    {
        "AssetSetID": 360360,
        "AssetTypeID": 10,
        "AssetVersionID": 137995138,
        "ID": 6048767,
        "Name": "Spikes - Moving",
        "SortOrder": 2147483647,
        "NewerVersionAvailable": "False",
        "AssetID": "41324904",
        "IsEndorsed": false
    },
    {
        "AssetSetID": 360360,
        "AssetTypeID": 10,
        "AssetVersionID": 137995181,
        "ID": 6048768,
        "Name": "Spikes",
        "SortOrder": 2147483647,
        "NewerVersionAvailable": "False",
        "AssetID": "41324903",
        "IsEndorsed": false
    },
    {
        "AssetSetID": 360360,
        "AssetTypeID": 10,
        "AssetVersionID": 137995228,
        "ID": 6048770,
        "Name": "Fire Pit",
        "SortOrder": 2147483647,
        "NewerVersionAvailable": "False",
        "AssetID": "41324902",
        "IsEndorsed": false
    },
    {
        "AssetSetID": 360360,
        "AssetTypeID": 10,
        "AssetVersionID": 137995300,
        "ID": 6048774,
        "Name": "Friend Only Door - Hostile",
        "SortOrder": 2147483647,
        "NewerVersionAvailable": "True",
        "AssetID": "41324878",
        "IsEndorsed": false
    }
]