[
    {
        "AssetSetID": 360375,
        "AssetTypeID": 10,
        "AssetVersionID": 138019902,
        "ID": 6048996,
        "Name": "Chimney",
        "SortOrder": 2147483647,
        "NewerVersionAvailable": "False",
        "AssetID": "56449996"
    },
    {
        "AssetSetID": 360375,
        "AssetTypeID": 10,
        "AssetVersionID": 138019961,
        "ID": 6048997,
        "Name": "Roof - Peak",
        "SortOrder": 2147483647,
        "NewerVersionAvailable": "False",
        "AssetID": "56450017"
    },
    {
        "AssetSetID": 360375,
        "AssetTypeID": 10,
        "AssetVersionID": 138020678,
        "ID": 6048998,
        "Name": "Steps - Corner",
        "SortOrder": 2147483647,
        "NewerVersionAvailable": "False",
        "AssetID": "56450320"
    },
    {
        "AssetSetID": 360375,
        "AssetTypeID": 10,
        "AssetVersionID": 138020722,
        "ID": 6048999,
        "Name": "Steps",
        "SortOrder": 2147483647,
        "NewerVersionAvailable": "False",
        "AssetID": "56450340"
    },
    {
        "AssetSetID": 360375,
        "AssetTypeID": 10,
        "AssetVersionID": 144863277,
        "ID": 6049000,
        "Name": "Ladder",
        "SortOrder": 2147483647,
        "NewerVersionAvailable": "False",
        "AssetID": "56450238"
    },
    {
        "AssetSetID": 360375,
        "AssetTypeID": 10,
        "AssetVersionID": 138011451,
        "ID": 6525017,
        "Name": "Trapdoor - Ice",
        "SortOrder": 2147483647,
        "NewerVersionAvailable": "False",
        "AssetID": "41324919"
    },
    {
        "AssetSetID": 360375,
        "AssetTypeID": 10,
        "AssetVersionID": 138011504,
        "ID": 6525018,
        "Name": "Trapdoor - Slate",
        "SortOrder": 2147483647,
        "NewerVersionAvailable": "False",
        "AssetID": "41324907"
    },
    {
        "AssetSetID": 360375,
        "AssetTypeID": 10,
        "AssetVersionID": 138011544,
        "ID": 6525019,
        "Name": "Trapdoor - Grass",
        "SortOrder": 2147483647,
        "NewerVersionAvailable": "False",
        "AssetID": "41324912"
    },
    {
        "AssetSetID": 360375,
        "AssetTypeID": 10,
        "AssetVersionID": 144839684,
        "ID": 6525898,
        "Name": "Corroded Truss - Horizontal",
        "SortOrder": 2147483647,
        "NewerVersionAvailable": "False",
        "AssetID": "59617538"
    },
    {
        "AssetSetID": 360375,
        "AssetTypeID": 10,
        "AssetVersionID": 144839254,
        "ID": 6525903,
        "Name": "Corroded Truss - Centered Vertical",
        "SortOrder": 2147483647,
        "NewerVersionAvailable": "False",
        "AssetID": "59617344"
    },
    {
        "AssetSetID": 360375,
        "AssetTypeID": 10,
        "AssetVersionID": 144840347,
        "ID": 6525924,
        "Name": "Corroded Truss - Corner Vertical",
        "SortOrder": 2147483647,
        "NewerVersionAvailable": "False",
        "AssetID": "59617845"
    },
    {
        "AssetSetID": 360375,
        "AssetTypeID": 10,
        "AssetVersionID": 144839585,
        "ID": 6525937,
        "Name": "Metal Truss - Horizontal",
        "SortOrder": 2147483647,
        "NewerVersionAvailable": "False",
        "AssetID": "59617492"
    },
    {
        "AssetSetID": 360375,
        "AssetTypeID": 10,
        "AssetVersionID": 144838964,
        "ID": 6525938,
        "Name": "Metal Truss - Centered Vertical",
        "SortOrder": 2147483647,
        "NewerVersionAvailable": "False",
        "AssetID": "59617205"
    },
    {
        "AssetSetID": 360375,
        "AssetTypeID": 10,
        "AssetVersionID": 144839382,
        "ID": 6525939,
        "Name": "Metal Truss - Corner Vertical",
        "SortOrder": 2147483647,
        "NewerVersionAvailable": "False",
        "AssetID": "59617391"
    }
]