[
    {
        "AssetSetID": 458339,
        "AssetTypeID": 10,
        "AssetVersionID": 157137220,
        "ID": 7509165,
        "Name": "Stone Sphere",
        "SortOrder": 2147483647,
        "NewerVersionAvailable": "False",
        "AssetID": "65524433",
        "IsEndorsed": false,
        "ThumbnailUrl": "http://frogfind.com/img/frogfind.gif"
    },
    {
        "AssetSetID": 458339,
        "AssetTypeID": 10,
        "AssetVersionID": 157137149,
        "ID": 7509167,
        "Name": "Wooden Wheel",
        "SortOrder": 2147483647,
        "NewerVersionAvailable": "False",
        "AssetID": "65524406",
        "IsEndorsed": false
    },
    {
        "AssetSetID": 458339,
        "AssetTypeID": 10,
        "AssetVersionID": 157137083,
        "ID": 7509170,
        "Name": "Welded Plastic Ball",
        "SortOrder": 2147483647,
        "NewerVersionAvailable": "False",
        "AssetID": "65524374",
        "IsEndorsed": false
    },
    {
        "AssetSetID": 458339,
        "AssetTypeID": 10,
        "AssetVersionID": 157137010,
        "ID": 7509172,
        "Name": "Smooth Wooden Ball",
        "SortOrder": 2147483647,
        "NewerVersionAvailable": "False",
        "AssetID": "65524344",
        "IsEndorsed": false
    },
    {
        "AssetSetID": 458339,
        "AssetTypeID": 10,
        "AssetVersionID": 157136912,
        "ID": 7509173,
        "Name": "Universal Connector",
        "SortOrder": 2147483647,
        "NewerVersionAvailable": "False",
        "AssetID": "65524310",
        "IsEndorsed": false
    },
    {
        "AssetSetID": 458339,
        "AssetTypeID": 10,
        "AssetVersionID": 157136840,
        "ID": 7509175,
        "Name": "Weld Connector",
        "SortOrder": 2147483647,
        "NewerVersionAvailable": "False",
        "AssetID": "65524286",
        "IsEndorsed": false
    },
    {
        "AssetSetID": 458339,
        "AssetTypeID": 10,
        "AssetVersionID": 157136748,
        "ID": 7509176,
        "Name": "Shiny Metal Plate",
        "SortOrder": 2147483647,
        "NewerVersionAvailable": "False",
        "AssetID": "65524244",
        "IsEndorsed": false
    },
    {
        "AssetSetID": 458339,
        "AssetTypeID": 10,
        "AssetVersionID": 157136668,
        "ID": 7509177,
        "Name": "Stone Plate",
        "SortOrder": 2147483647,
        "NewerVersionAvailable": "False",
        "AssetID": "65524199",
        "IsEndorsed": false
    },
    {
        "AssetSetID": 458339,
        "AssetTypeID": 10,
        "AssetVersionID": 157136547,
        "ID": 7509179,
        "Name": "Wooden Plate",
        "SortOrder": 2147483647,
        "NewerVersionAvailable": "False",
        "AssetID": "65524150",
        "IsEndorsed": false
    },
    {
        "AssetSetID": 458339,
        "AssetTypeID": 10,
        "AssetVersionID": 157136458,
        "ID": 7509180,
        "Name": "Plastic Plate",
        "SortOrder": 2147483647,
        "NewerVersionAvailable": "False",
        "AssetID": "65524099",
        "IsEndorsed": false
    },
    {
        "AssetSetID": 458339,
        "AssetTypeID": 10,
        "AssetVersionID": 157136365,
        "ID": 7509182,
        "Name": "Shiny Brick",
        "SortOrder": 2147483647,
        "NewerVersionAvailable": "False",
        "AssetID": "65524063",
        "IsEndorsed": false
    },
    {
        "AssetSetID": 458339,
        "AssetTypeID": 10,
        "AssetVersionID": 157136267,
        "ID": 7509183,
        "Name": "Transparent Brick",
        "SortOrder": 2147483647,
        "NewerVersionAvailable": "False",
        "AssetID": "65524027",
        "IsEndorsed": false
    },
    {
        "AssetSetID": 458339,
        "AssetTypeID": 10,
        "AssetVersionID": 157136177,
        "ID": 7509184,
        "Name": "Stone Brick",
        "SortOrder": 2147483647,
        "NewerVersionAvailable": "False",
        "AssetID": "65523983",
        "IsEndorsed": false
    },
    {
        "AssetSetID": 458339,
        "AssetTypeID": 10,
        "AssetVersionID": 157136050,
        "ID": 7509187,
        "Name": "Wooden Brick",
        "SortOrder": 2147483647,
        "NewerVersionAvailable": "False",
        "AssetID": "65523935",
        "IsEndorsed": false
    },
    {
        "AssetSetID": 458339,
        "AssetTypeID": 10,
        "AssetVersionID": 157135959,
        "ID": 7509190,
        "Name": "Green Plastic Brick",
        "SortOrder": 2147483647,
        "NewerVersionAvailable": "False",
        "AssetID": "65523893",
        "IsEndorsed": false
    },
    {
        "AssetSetID": 458339,
        "AssetTypeID": 10,
        "AssetVersionID": 157135814,
        "ID": 7509192,
        "Name": "Shiny Metal Truss Beam",
        "SortOrder": 2147483647,
        "NewerVersionAvailable": "False",
        "AssetID": "65523845",
        "IsEndorsed": false
    },
    {
        "AssetSetID": 458339,
        "AssetTypeID": 10,
        "AssetVersionID": 157135705,
        "ID": 7509193,
        "Name": "Rusty Truss Beam",
        "SortOrder": 2147483647,
        "NewerVersionAvailable": "False",
        "AssetID": "65523800",
        "IsEndorsed": false
    },
    {
        "AssetSetID": 458339,
        "AssetTypeID": 10,
        "AssetVersionID": 157134863,
        "ID": 7509194,
        "Name": "Wood Truss Beam",
        "SortOrder": 2147483647,
        "NewerVersionAvailable": "False",
        "AssetID": "65523456",
        "IsEndorsed": false
    },
    {
        "AssetSetID": 458339,
        "AssetTypeID": 10,
        "AssetVersionID": 157132316,
        "ID": 7509195,
        "Name": "Truss Beam",
        "SortOrder": 2147483647,
        "NewerVersionAvailable": "False",
        "AssetID": "65522349",
        "IsEndorsed": false
    },
    {
        "AssetSetID": 458339,
        "AssetTypeID": 10,
        "AssetVersionID": 157137365,
        "ID": 7509197,
        "Name": "2x2 Truss Part",
        "SortOrder": 2147483647,
        "NewerVersionAvailable": "False",
        "AssetID": "65524502",
        "IsEndorsed": false
    }
]