[
    {
        "ID": 4707230,
        "AssetSetID": 463266,
        "AssetID": 59524622,
        "AssetVersionID": 146134623,
        "AssetName": "Jeep",
        "CreatorName": "Roblox",
        "NewerVersionAvailable": "True",
        "IsEndorsed": false
    },
    {
        "ID": 4707231,
        "AssetSetID": 463266,
        "AssetID": 59524676,
        "AssetVersionID": 144837102,
        "AssetName": "Car",
        "CreatorName": "Roblox",
        "NewerVersionAvailable": "True",
        "IsEndorsed": false
    },
    {
        "ID": 4707232,
        "AssetSetID": 463266,
        "AssetID": 59524656,
        "AssetVersionID": 144837071,
        "AssetName": "Police Car",
        "CreatorName": "Roblox",
        "NewerVersionAvailable": "True",
        "IsEndorsed": false
    },
    {
        "ID": 4707233,
        "AssetSetID": 463266,
        "AssetID": 59524606,
        "AssetVersionID": 144836955,
        "AssetName": "Truck",
        "CreatorName": "Roblox",
        "NewerVersionAvailable": "True",
        "IsEndorsed": false
    },
    {
        "ID": 4707234,
        "AssetSetID": 463266,
        "AssetID": 59524640,
        "AssetVersionID": 144837042,
        "AssetName": "Racecar",
        "CreatorName": "Roblox",
        "NewerVersionAvailable": "True",
        "IsEndorsed": false
    },
    {
        "ID": 4707235,
        "AssetSetID": 463266,
        "AssetID": 59524699,
        "AssetVersionID": 144837133,
        "AssetName": "Bus",
        "CreatorName": "Roblox",
        "NewerVersionAvailable": "True",
        "IsEndorsed": false
    },
    {
        "ID": 4707236,
        "AssetSetID": 463266,
        "AssetID": 59524729,
        "AssetVersionID": 154615236,
        "AssetName": "UFO",
        "CreatorName": "Roblox",
        "NewerVersionAvailable": "True",
        "IsEndorsed": false
    }
]