[
    {
        "AssetSetID": 464140,
        "AssetTypeID": 10,
        "AssetVersionID": 890129,
        "ID": 7597721,
        "Name": "Vote to Kick Player Script",
        "SortOrder": 2147483647,
        "NewerVersionAvailable": "False",
        "AssetID": "300221"
    },
    {
        "AssetSetID": 464140,
        "AssetTypeID": 10,
        "AssetVersionID": 675692,
        "ID": 7597769,
        "Name": "Yellow Flag Stand",
        "SortOrder": 2147483647,
        "NewerVersionAvailable": "False",
        "AssetID": "82354"
    },
    {
        "AssetSetID": 464140,
        "AssetTypeID": 10,
        "AssetVersionID": 675691,
        "ID": 7597772,
        "Name": "Green Flag Stand",
        "SortOrder": 2147483647,
        "NewerVersionAvailable": "False",
        "AssetID": "82353"
    },
    {
        "AssetSetID": 464140,
        "AssetTypeID": 10,
        "AssetVersionID": 675690,
        "ID": 7597773,
        "Name": "Blue Flag Stand",
        "SortOrder": 2147483647,
        "NewerVersionAvailable": "False",
        "AssetID": "82352"
    },
    {
        "AssetSetID": 464140,
        "AssetTypeID": 10,
        "AssetVersionID": 675689,
        "ID": 7597776,
        "Name": "Red Flag Stand",
        "SortOrder": 2147483647,
        "NewerVersionAvailable": "False",
        "AssetID": "82351"
    },
    {
        "AssetSetID": 464140,
        "AssetTypeID": 10,
        "AssetVersionID": 647001,
        "ID": 7597777,
        "Name": "Neutral Spawn Location",
        "SortOrder": 2147483647,
        "NewerVersionAvailable": "False",
        "AssetID": "53326"
    },
    {
        "AssetSetID": 464140,
        "AssetTypeID": 10,
        "AssetVersionID": 646996,
        "ID": 7597778,
        "Name": "Green Team Spawn Location",
        "SortOrder": 2147483647,
        "NewerVersionAvailable": "False",
        "AssetID": "53321"
    },
    {
        "AssetSetID": 464140,
        "AssetTypeID": 10,
        "AssetVersionID": 646995,
        "ID": 7597779,
        "Name": "Yellow Team Spawn Location",
        "SortOrder": 2147483647,
        "NewerVersionAvailable": "False",
        "AssetID": "53320"
    },
    {
        "AssetSetID": 464140,
        "AssetTypeID": 10,
        "AssetVersionID": 646994,
        "ID": 7597780,
        "Name": "Blue Team Spawn Location",
        "SortOrder": 2147483647,
        "NewerVersionAvailable": "False",
        "AssetID": "53319"
    },
    {
        "AssetSetID": 464140,
        "AssetTypeID": 10,
        "AssetVersionID": 646993,
        "ID": 7597781,
        "Name": "Red Team Spawn Location",
        "SortOrder": 2147483647,
        "NewerVersionAvailable": "False",
        "AssetID": "53318"
    },
    {
        "AssetSetID": 464140,
        "AssetTypeID": 10,
        "AssetVersionID": 646985,
        "ID": 7597783,
        "Name": "Leaderboard",
        "SortOrder": 2147483647,
        "NewerVersionAvailable": "False",
        "AssetID": "53310"
    },
    {
        "AssetSetID": 464140,
        "AssetTypeID": 10,
        "AssetVersionID": 139559793,
        "ID": 7597796,
        "Name": "Teleporter ",
        "SortOrder": 2147483647,
        "NewerVersionAvailable": "False",
        "AssetID": "57134443"
    },
    {
        "AssetSetID": 464140,
        "AssetTypeID": 10,
        "AssetVersionID": 220686773,
        "ID": 11715766,
        "Name": "Game Pass: Dual Teleporters",
        "SortOrder": 2147483647,
        "NewerVersionAvailable": "False",
        "AssetID": "93022374"
    },
    {
        "AssetSetID": 464140,
        "AssetTypeID": 10,
        "AssetVersionID": 220686909,
        "ID": 11715769,
        "Name": "Game Pass: Teleporter To Location ",
        "SortOrder": 2147483647,
        "NewerVersionAvailable": "False",
        "AssetID": "93022430"
    },
    {
        "AssetSetID": 464140,
        "AssetTypeID": 10,
        "AssetVersionID": 220686964,
        "ID": 11715770,
        "Name": "Game Pass: Teleporter To Part",
        "SortOrder": 2147483647,
        "NewerVersionAvailable": "False",
        "AssetID": "93022454"
    },
    {
        "AssetSetID": 464140,
        "AssetTypeID": 10,
        "AssetVersionID": 220687025,
        "ID": 11715773,
        "Name": "Game Pass: VIP Door",
        "SortOrder": 2147483647,
        "NewerVersionAvailable": "False",
        "AssetID": "93022480"
    },
    {
        "AssetSetID": 464140,
        "AssetTypeID": 10,
        "AssetVersionID": 220695473,
        "ID": 11715950,
        "Name": "Game Pass: Admin Tools",
        "SortOrder": 2147483647,
        "NewerVersionAvailable": "False",
        "AssetID": "93026071"
    }
]