[
    {
        "AssetSetID": 464131,
        "AssetTypeID": 10,
        "AssetVersionID": 641268,
        "ID": 7597696,
        "Name": "Trowel",
        "SortOrder": 2147483647,
        "NewerVersionAvailable": "False",
        "AssetID": "47582"
    },
    {
        "AssetSetID": 464131,
        "AssetTypeID": 10,
        "AssetVersionID": 641218,
        "ID": 7597697,
        "Name": "Paintball Gun",
        "SortOrder": 2147483647,
        "NewerVersionAvailable": "False",
        "AssetID": "47532"
    },
    {
        "AssetSetID": 464131,
        "AssetTypeID": 10,
        "AssetVersionID": 144629139,
        "ID": 7597785,
        "Name": "Rocket Launcher",
        "SortOrder": 2147483647,
        "NewerVersionAvailable": "False",
        "AssetID": "47637"
    },
    {
        "AssetSetID": 464131,
        "AssetTypeID": 10,
        "AssetVersionID": 641306,
        "ID": 7597786,
        "Name": "Slingshot",
        "SortOrder": 2147483647,
        "NewerVersionAvailable": "False",
        "AssetID": "47620"
    },
    {
        "AssetSetID": 464131,
        "AssetTypeID": 10,
        "AssetVersionID": 144629207,
        "ID": 7597787,
        "Name": "Superball",
        "SortOrder": 2147483647,
        "NewerVersionAvailable": "False",
        "AssetID": "47613"
    },
    {
        "AssetSetID": 464131,
        "AssetTypeID": 10,
        "AssetVersionID": 144629251,
        "ID": 7597790,
        "Name": "Time Bomb",
        "SortOrder": 2147483647,
        "NewerVersionAvailable": "False",
        "AssetID": "47586"
    },
    {
        "AssetSetID": 464131,
        "AssetTypeID": 10,
        "AssetVersionID": 641119,
        "ID": 7597791,
        "Name": "Sword",
        "SortOrder": 2147483647,
        "NewerVersionAvailable": "False",
        "AssetID": "47433"
    }
]